PublicationID,Name,Abbreviation,AbbreviationISO,ISSN,ISBN,DOI
11050,ACM COMPUTING SURVEYS,ACM COMPUT SURV,ACM Comput. Surv.,0360-0300,,
11051,ACM JOURNAL ON COMPUTING AND CULTURAL HERITAGE,ACM J COMPUT CULT HE,ACM J. Comput. Cult. Herit.,1556-4673,,10.1145/1841317.1841321
11052,2012 18th IEEE International Conference on Networks (ICON),IEEE INT CONF NETWOR,,1556-6463,978-1-4673-4523-1,
11053,2012 IEEE CUSTOM INTEGRATED CIRCUITS CONFERENCE (CICC),IEEE CUST INTEGR CIR,,,978-1-4673-1556-2,
11054,PROCEEDINGS OF 2013 IEEE 59TH HOLM CONFERENCE ON ELECTRICAL CONTACTS (HOLM),ELECTR CONTACT,,1062-6808,978-1-4673-5281-9,
11055,ACM JOURNAL ON EMERGING TECHNOLOGIES IN COMPUTING SYSTEMS,ACM J EMERG TECH COM,ACM J. Emerg. Technol. Comput. Syst.,1550-4832,,10.1145/1126257.1126259
11056,ACM SIGCOMM COMPUTER COMMUNICATION REVIEW,ACM SIGCOMM COMP COM,ACM SIGCOMM Comp. Commun. Rev.,0146-4833,,
11057,ACM TRANSACTIONS ON ALGORITHMS,ACM T ALGORITHMS,ACM Trans. Algorithms,1549-6325,,10.1145/1198513.1198522
11058,ACM TRANSACTIONS ON APPLIED PERCEPTION,ACM T APPL PERCEPT,ACM Trans. Appl. Percept.,1544-3558,,10.1145/1265957.1265960
11059,ACM TRANSACTIONS ON ARCHITECTURE AND CODE OPTIMIZATION,ACM T ARCHIT CODE OP,ACM Trans. Archit. Code Optim.,1544-3566,,10.1145/1328195.1328196
11060,ACM TRANSACTIONS ON ASIAN AND LOW-RESOURCE LANGUAGE INFORMATION PROCESSING,ACM T ASIAN LOW-RESO,ACM Trans. Asian Low-Resour. Lang. Inf. Process.,2375-4699,,10.1145/2700051
11061,ACM TRANSACTIONS ON AUTONOMOUS AND ADAPTIVE SYSTEMS,ACM T AUTON ADAP SYS,ACM Trans. Auton. Adapt. Syst.,1556-4665,,
11062,ACM TRANSACTIONS ON COMPUTATIONAL LOGIC,ACM T COMPUT LOG,ACM Trans. Comput. Log.,1529-3785,,
11063,ACM TRANSACTIONS ON COMPUTER-HUMAN INTERACTION,ACM T COMPUT-HUM INT,ACM Trans. Comput.-Hum. Interact.,1073-0516,,10.1145/1275511.1275513
11064,ACM TRANSACTIONS ON COMPUTER SYSTEMS,ACM T COMPUT SYST,ACM Trans. Comput. Syst.,0734-2071,,
11065,ACM TRANSACTIONS ON COMPUTING EDUCATION,ACM T COMPUT EDUC,ACM Trans. Comput. Educ.,1946-6226,,10.1145/2490822
11066,ACM TRANSACTIONS ON DATABASE SYSTEMS,ACM T DATABASE SYST,ACM Trans. Database Syst.,0362-5915,,
11067,ACM TRANSACTIONS ON DESIGN AUTOMATION OF ELECTRONIC SYSTEMS,ACM T DES AUTOMAT EL,ACM Transact. Des. Automat. Electron. Syst.,1084-4309,,
11068,ACM TRANSACTIONS ON EMBEDDED COMPUTING SYSTEMS,ACM T EMBED COMPUT S,ACM Trans. Embed. Comput. Syst.,1539-9087,,10.1145/1274858.1274870
11069,ACM TRANSACTIONS ON GRAPHICS,ACM T GRAPHIC,ACM Trans. Graph.,0730-0301,,
11070,ACM TRANSACTIONS ON INFORMATION SYSTEMS,ACM T INFORM SYST,ACM Trans. Inf. Syst.,1046-8188,,
11071,ACM TRANSACTIONS ON INTELLIGENT SYSTEMS AND TECHNOLOGY,ACM T INTEL SYST TEC,ACM Trans. Intell. Syst. Technol.,2157-6904,,10.1145/1858948.1858955
11072,ACM TRANSACTIONS ON INTERNET TECHNOLOGY,ACM T INTERNET TECHN,ACM Trans. Internet. Technol.,1533-5399,,10.1145/1278366.1278372
11073,ACM TRANSACTIONS ON KNOWLEDGE DISCOVERY FROM DATA,ACM T KNOWL DISCOV D,ACM Trans. Knowl. Discov. Data,1556-4681,,10.1145/1497577.1497578
11074,ACM TRANSACTIONS ON MATHEMATICAL SOFTWARE,ACM T MATH SOFTWARE,ACM Trans. Math. Softw.,0098-3500,,
11075,ACM TRANSACTIONS ON MODELING AND COMPUTER SIMULATION,ACM T MODEL COMPUT S,ACM Trans. Model. Comput. Simul.,1049-3301,,
11076,ACM TRANSACTIONS ON MULTIMEDIA COMPUTING COMMUNICATIONS AND APPLICATIONS,ACM T MULTIM COMPUT,ACM Trans. Multimed. Comput. Commun. Appl.,1551-6857,,
11077,ACM TRANSACTIONS ON PRIVACY AND SECURITY,ACM T PRIV SECUR,ACM Trans. Priv. Secur.,2471-2566,,10.1145/2960409
11078,ACM TRANSACTIONS ON PROGRAMMING LANGUAGES AND SYSTEMS,ACM T PROGR LANG SYS,ACM Trans. Program. Lang. Syst.,0164-0925,,
11079,ACM TRANSACTIONS ON RECONFIGURABLE TECHNOLOGY AND SYSTEMS,ACM T RECONFIG TECHN,ACM T. Reconfigurable Technol. Syst.,1936-7406,,10.1145/1502781.1502786
11080,ACM TRANSACTIONS ON SENSOR NETWORKS,ACM T SENSOR NETWORK,ACM Trans. Sens. Netw.,1550-4859,,
11081,ACM TRANSACTIONS ON SOFTWARE ENGINEERING AND METHODOLOGY,ACM T SOFTW ENG METH,ACM Trans. Softw. Eng. Methodol.,1049-331X,,
11082,ACM TRANSACTIONS ON STORAGE,ACM T STORAGE,ACM Trans. Storage,1553-3077,,10.1145/1807060.1807061
11083,ACM TRANSACTIONS ON THE WEB,ACM T WEB,ACM Trans. Web,1559-1131,,10.1145/1232722.1232727
11084,ACTA INFORMATICA,ACTA INFORM,Acta Inform.,0001-5903,,
11085,AD HOC NETWORKS,AD HOC NETW,Ad Hoc Netw.,1570-8705,,10.1016/j.adhoc.2006.05.012
11086,AD HOC & SENSOR WIRELESS NETWORKS,AD HOC SENS WIREL NE,Ad Hoc Sens. Wirl. Netw.,1551-9899,,
11087,"ADVANCES IN COMPUTERS, VOL 53",ADV COMPUT,,0065-2458,,
11088,"ADVANCES IN COMPUTERS, VOL 52",ADV COMPUT,Adv. Comput.,0065-2458,,
11089,"ADVANCES IN COMPUTERS, VOL 54",ADV COMPUT,Adv. Comput.,0065-2458,,
11090,"ADVANCES IN COMPUTERS, VOL 55",ADV COMPUT,Adv. Comput.,0065-2458,,
11091,"ADVANCES IN COMPUTERS, VOL 56",ADV COMPUT,Adv. Comput.,0065-2458,,
11092,"ADVANCES IN COMPUTERS, VOL 58",ADV COMPUT,,0065-2458,,
11093,"ADVANCES IN COMPUTERS, VOL 59",ADV COMPUT,,0065-2458,,
11094,"ADVANCES IN COMPUTERS, VOL 57",ADV COMPUT,,0065-2458,,
11095,"ADVANCES IN COMPUTERS, VOL 62",ADV COMPUT,,0065-2458,,
11096,"ADVANCES IN COMPUTERS, VOL. 60",ADV COMPUT,Adv. Comput.,0065-2458,,
11097,"ADVANCES IN COMPUTERS, VOL. 61",ADV COMPUT,,0065-2458,,10.1016/S0065-2458(03)003-X
11098,"ADVANCES IN COMPUTERS, VOL 63: PARALLEL, DISTRIBUTED, AND PERVASIVE COMPUTING",ADV COMPUT,Adv. Comput.,0065-2458,,10.1016/S0065-2458(04)63003-8
11099,"ADVANCES IN COMPUTERS, VOL 65",ADV COMPUT,Adv. Comput.,0065-2458,,10.1016/S0065-2458(05)65004-8
11100,"ADVANCES IN COMPUTERS, VOL 64",ADV COMPUT,Adv. Comput.,0065-2458,,10.1016/S0065-2458(04)64007-1
11101,"ADVANCES IN COMPUTERS , VOL 68",ADV COMPUT,Adv. Comput.,0065-2458,,10.1016/S0065-2458(06)68004-2
11102,"ADVANCES IN COMPUTERS, VOL 67",ADV COMPUT,Adv. Comput.,0065-2458,,10.1016/S0065-2458(05)67004-0
11103,"ADVANCES IN COMPUTERS, VOL 71",ADV COMPUT,Adv. Comput.,0065-2458,,10.1016/S0065-2458(06)71002-6
11104,"ADVANCES IN COMPUTERS, VOL 70",ADV COMPUT,Adv. Comput.,0065-2458,,10.1016/S0065-2458(06)70001-8
11105,"ADVANCES IN COMPUTERS, VOL 72",ADV COMPUT,Adv. Comput.,0065-2458,,10.1016/S0065-2458(08)00001-6
11106,"ADVANCES IN COMPUTERS, VOL 73",ADV COMPUT,Adv. Comput.,0065-2458,,10.1016/S0065-2458(08)00405-1
11107,"ADVANCES IN COMPUTERS, VOL 74",ADV COMPUT,Adv. Comput.,0065-2458,,10.1016/S0065-2458(08)00603-7
11108,"ADVANCES IN COMPUTERS, VOL 77",ADV COMPUT,Adv. Comput.,0065-2458,,10.1016/S0065-2458(09)01206-6
11109,"ADVANCES IN COMPUTERS: SOCIAL NETWORKING AND THE WEB, VOL 76",ADV COMPUT,Adv. Comput.,0065-2458,,10.1016/S0065-2458(09)01002-X
11110,"ADVANCES IN COMPUTERS, VOL 78",ADV COMPUT,Adv. Comput.,0065-2458,,10.1016/S0065-2458(10)78003-7
11111,"ADVANCES IN COMPUTERS, VOL 80",ADV COMPUT,Adv. Comput.,0065-2458,,10.1016/S0065-2458(10)80001-4
11112,"ADVANCES IN COMPUTERS, VOL 82",ADV COMPUT,Adv. Comput.,0065-2458,,10.1016/B978-0-12-385512-1.00003-7
11113,"ADVANCES IN COMPUTERS, VOL 83",ADV COMPUT,Adv. Comput.,0065-2458,,10.1016/B978-0-12-385510-7.00002-3
11114,"ADVANCES IN COMPUTERS, VOL 86",ADV COMPUT,Adv. Comput.,0065-2458,,10.1016/B978-0-12-396535-6.00002-8
11115,"ADVANCES IN COMPUTERS, VOL 84: DEPENDABLE AND SECURE SYSTEMS ENGINEERING",ADV COMPUT,Adv. Comput.,0065-2458,,10.1016/B978-0-12-396525-7.00001-0
11116,"ADVANCES IN COMPUTERS, VOL 85",ADV COMPUT,Adv. Comput.,0065-2458,,10.1016/B978-0-12-396526-4.00004-7
11117,"ADVANCES IN COMPUTERS, VOL 89",ADV COMPUT,Adv. Comput.,0065-2458,,10.1016/B978-0-12-408094-2.00001-1
11118,"ADVANCES IN COMPUTERS, VOL 88: GREEN AND SUSTAINABLE COMPUTING, PT 2",ADV COMPUT,Adv. Comput.,0065-2458,978-0-12-407829-1,10.1016/B978-0-12-407725-6.00005-8
11119,"ADVANCES IN COMPUTERS, VOL 95",ADV COMPUT,Adv. Comput.,0065-2458,,10.1016/B978-0-12-800160-8.00001-2
11120,"ADVANCES IN COMPUTERS, VOL 93",ADV COMPUT,Adv. Comput.,0065-2458,,10.1016/B978-0-12-800162-2.00001-4
11121,"ADVANCES IN COMPUTERS, VOL 94",ADV COMPUT,Adv. Comput.,0065-2458,,10.1016/B978-0-12-800161-5.00004-9
11122,"ADVANCES IN COMPUTERS, VOL 98",ADV COMPUT,Adv. Comput.,0065-2458,978-0-12-802132-3,10.1016/bs.adcom.2015.03.001
11123,"ADVANCES IN COMPUTERS, VOL 96: DATAFLOW PROCESSING",ADV COMPUT,Adv. Comput.,0065-2458,978-0-12-802134-7,10.1016/bs.adcom.2014.10.001
11124,"ADVANCES IN COMPUTERS, VOL 99",ADV COMPUT,Adv. Comput.,0065-2458,978-0-12-802339-6,10.1016/bs.adcom.2015.05.003
11125,"ADVANCES IN COMPUTERS, VOL 101",ADV COMPUT,Adv. Comput.,0065-2458,978-0-12-805169-6,10.1016/bs.adcom.2015.11.007
11126,CREATIVITY IN COMPUTING AND DATAFLOW SUPERCOMPUTING,ADV COMPUT,Adv. Comput.,0065-2458,978-0-12-811956-3,10.1016/bs.adcom.2016.09.001
11127,"ADVANCES IN COMPUTERS, VOL 105",ADV COMPUT,Adv. Comput.,0065-2458,978-0-12-812232-7,10.1016/bs.adcom.2016.12.001
11128,"ADVANCES IN COMPUTERS, VOL 107",ADV COMPUT,Adv. Comput.,0065-2458,978-0-12-812229-7,10.1016/bs.adcom.2017.06.001
11129,"BLOCKCHAIN TECHNOLOGY: PLATFORMS, TOOLS AND USE CASES",ADV COMPUT,Adv. Comput.,0065-2458,978-0-12-813852-6,10.1016/bs.adcom.2018.03.006
11130,DARK SILICON AND FUTURE ON-CHIP SYSTEMS,ADV COMPUT,Adv. Comput.,0065-2458,978-0-12-815358-1,10.1016/bs.adcom.2018.03.016
11131,ADVANCES IN ENGINEERING SOFTWARE,ADV ENG SOFTW,Adv. Eng. Softw.,0965-9978,,
11132,AEU-INTERNATIONAL JOURNAL OF ELECTRONICS AND COMMUNICATIONS,AEU-INT J ELECTRON C,AEU-Int. J. Electron. Commun.,1434-8411,,
11133,ANNALES DES TELECOMMUNICATIONS-ANNALS OF TELECOMMUNICATIONS,ANN TELECOMMUN,Ann. Telecommun.-Ann Telecommun.,0003-4347,,
11134,ANNALS OF TELECOMMUNICATIONS-ANNALES DES TELECOMMUNICATIONS,ANN TELECOMMUN,Ann. Telecommun.-Ann Telecommun.,0003-4347,,
11135,ANNALS OF TELECOMMUNICATIONS,ANN TELECOMMUN,Ann. Telecommun.,0003-4347,,
11136,APPLIED CLINICAL INFORMATICS,APPL CLIN INFORM,Appl. Clin. Inform.,1869-0327,,10.4338/ACI-2009-12-CR-0027
11137,APPLIED ONTOLOGY,APPL ONTOL,Appl. Ontol.,1570-5838,,10.3233/AO-2009-0063
11138,APPLIED SOFT COMPUTING,APPL SOFT COMPUT,Appl. Soft. Comput.,1568-4946,,10.1016/j.asoc.2004.04.001
11139,ARTIFICIAL INTELLIGENCE,ARTIF INTELL,Artif. Intell.,0004-3702,,
11140,ARTIFICIAL INTELLIGENCE REVIEW,ARTIF INTELL REV,Artif. Intell. Rev.,0269-2821,,
11141,ARTIFICIAL LIFE,ARTIF LIFE,Artif. Life,1064-5462,,
11142,AUTOMATED SOFTWARE ENGINEERING,AUTOMAT SOFTW ENG,Automat. Softw. Eng.,0928-8910,,10.1007/s10515-006-0002-0
11143,AUTONOMOUS AGENTS AND MULTI-AGENT SYSTEMS,AUTON AGENT MULTI-AG,Auton. Agents Multi-Agent Syst.,1387-2532,,
11144,BELL LABS TECHNICAL JOURNAL,BELL LABS TECH J,Bell Labs Tech. J.,1089-7089,,
11145,BIG DATA,BIG DATA,Big Data,2167-6461,,10.1089/big.2012.0002
11146,BIG DATA RESEARCH,BIG DATA RES,Big Data Res.,2214-5796,,10.1016/j.bdr.2015.01.006
11147,BIOLOGICALLY INSPIRED COGNITIVE ARCHITECTURES,BIOL INSPIR COGN ARC,Biol. Inspired Cogn. Archit.,2212-683X,,10.1016/j.bica.2012.05.002
11148,BMC BIOINFORMATICS,BMC BIOINFORMATICS,BMC Bioinformatics,1471-2105,,
11149,BRIEFINGS IN BIOINFORMATICS,BRIEF BIOINFORM,Brief. Bioinform.,1467-5463,,
11150,BUSINESS & INFORMATION SYSTEMS ENGINEERING,BUS INF SYST ENG,Bus. Inf. Syst. Eng.,1867-0202,,10.1007/s12599-009-0044-5
11151,CHINA COMMUNICATIONS,CHINA COMMUN,China Commun.,1673-5447,,
11152,CLUSTER COMPUTING-THE JOURNAL OF NETWORKS SOFTWARE TOOLS AND APPLICATIONS,CLUSTER COMPUT,Cluster Comput.,1386-7857,,
11153,CMC-COMPUTERS MATERIALS & CONTINUA,CMC-COMPUT MATER CON,CMC-Comput. Mat. Contin.,1546-2218,,
11154,CMES-COMPUTER MODELING IN ENGINEERING & SCIENCES,CMES-COMP MODEL ENG,CMES-Comp. Model. Eng. Sci.,1526-1492,,
11155,COGNITIVE COMPUTATION,COGN COMPUT,Cogn. Comput.,1866-9956,,10.1007/s12559-009-9009-8
11156,COGNITIVE SYSTEMS RESEARCH,COGN SYST RES,Cogn. Syst. Res.,1389-0417,,10.1016/j.cogsys.2004.09.006
11157,COMMUNICATIONS OF THE ACM,COMMUN ACM,Commun. ACM,0001-0782,,
11158,COMPUTATIONAL BIOLOGY AND CHEMISTRY,COMPUT BIOL CHEM,Comput. Biol. Chem.,1476-9271,,
11159,COMPUTATIONAL GEOSCIENCES,COMPUTAT GEOSCI,Comput. Geosci.,1420-0597,,
11160,COMPUTATIONAL LINGUISTICS,COMPUT LINGUIST,Comput. Linguist.,0891-2017,,
11161,COMPUTER-AIDED DESIGN,COMPUT AIDED DESIGN,Comput.-Aided Des.,0010-4485,,
11162,COMPUTER AIDED GEOMETRIC DESIGN,COMPUT AIDED GEOM D,Comput. Aided Geom. Des.,0167-8396,,
11163,COMPUTER ANIMATION AND VIRTUAL WORLDS,COMPUT ANIMAT VIRT W,Comput. Animat. Virtual Worlds,1546-4261,,10.1002/cav.2
11164,COMPUTER APPLICATIONS IN ENGINEERING EDUCATION,COMPUT APPL ENG EDUC,Comput. Appl. Eng. Educ.,1061-3773,,
11165,COMPUTER COMMUNICATIONS,COMPUT COMMUN,Comput. Commun.,0140-3664,,
11166,COMPUTER,COMPUTER,Computer,0018-9162,,
11167,COMPUTER GRAPHICS FORUM,COMPUT GRAPH FORUM,Comput. Graph. Forum,0167-7055,,
11168,COMPUTER JOURNAL,COMPUT J,Comput. J.,0010-4620,,
11169,COMPUTER LANGUAGES SYSTEMS & STRUCTURES,COMPUT LANG SYST STR,Comput. Lang. Syst. Struct.,1477-8424,,
11170,COMPUTER METHODS AND PROGRAMS IN BIOMEDICINE,COMPUT METH PROG BIO,Comput. Meth. Programs Biomed.,0169-2607,,
11171,COMPUTER METHODS IN APPLIED MECHANICS AND ENGINEERING,COMPUT METHOD APPL M,Comput. Meth. Appl. Mech. Eng.,0045-7825,,
11172,COMPUTER METHODS IN BIOMECHANICS AND BIOMEDICAL ENGINEERING,COMPUT METHOD BIOMEC,Comput. Methods Biomech. Biomed. Eng.,1025-5842,,10.1080/10255840410001658839
11173,COMPUTER MUSIC JOURNAL,COMPUT MUSIC J,Comput. Music J.,0148-9267,,
11174,COMPUTER NETWORKS-THE INTERNATIONAL JOURNAL OF COMPUTER AND TELECOMMUNICATIONS NETWORKING,COMPUT NETW,Comput. Netw.,1389-1286,,
11175,COMPUTER NETWORKS,COMPUT NETW,Comput. Netw.,1389-1286,,
11176,COMPUTERS AND CONCRETE,COMPUT CONCRETE,Comput. Concr.,1598-8198,,
11177,COMPUTERS AND ELECTRONICS IN AGRICULTURE,COMPUT ELECTRON AGR,Comput. Electron. Agric.,0168-1699,,
11178,COMPUTERS AND GEOTECHNICS,COMPUT GEOTECH,Comput. Geotech.,0266-352X,,
11179,COMPUTER SCIENCE AND INFORMATION SYSTEMS,COMPUT SCI INF SYST,Comput. Sci. Inf. Syst.,1820-0214,,
11180,COMPUTERS & EDUCATION,COMPUT EDUC,Comput. Educ.,0360-1315,,
11181,COMPUTERS & ELECTRICAL ENGINEERING,COMPUT ELECTR ENG,Comput. Electr. Eng.,0045-7906,,
11182,COMPUTERS & FLUIDS,COMPUT FLUIDS,Comput. Fluids,0045-7930,,
11183,COMPUTERS & GEOSCIENCES,COMPUT GEOSCI-UK,Comput. Geosci.,0098-3004,,
11184,COMPUTERS & GRAPHICS-UK,COMPUT GRAPH-UK,Comput. Graph.-UK,0097-8493,,
11185,COMPUTERS IN BIOLOGY AND MEDICINE,COMPUT BIOL MED,Comput. Biol. Med.,0010-4825,,
11186,COMPUTERS & INDUSTRIAL ENGINEERING,COMPUT IND ENG,Comput. Ind. Eng.,0360-8352,,
11187,COMPUTERS IN INDUSTRY,COMPUT IND,Comput. Ind.,0166-3615,,
11188,COMPUTERS & OPERATIONS RESEARCH,COMPUT OPER RES,Comput. Oper. Res.,0305-0548,,
11189,COMPUTER SPEECH AND LANGUAGE,COMPUT SPEECH LANG,Comput. Speech Lang.,0885-2308,,
11190,COMPUTERS & SECURITY,COMPUT SECUR,Comput. Secur.,0167-4048,,
11191,COMPUTERS & STRUCTURES,COMPUT STRUCT,Comput. Struct.,0045-7949,,
11192,COMPUTER STANDARDS & INTERFACES,COMPUT STAND INTER,Comput. Stand. Interfaces,0920-5489,,
11193,COMPUTER SUPPORTED COOPERATIVE WORK-THE JOURNAL OF COLLABORATIVE COMPUTING,COMPUT SUPP COOP W J,Comput. Support. Coop. Work,0925-9724,,10.1007/s10606-007-9064-1
11194,COMPUTER SUPPORTED COOPERATIVE WORK-THE JOURNAL OF COLLABORATIVE COMPUTING AND WORK PRACTICES,COMPUT SUPP COOP W J,Comput. Support. Coop. Work,0925-9724,,10.1007/s10606-014-9202-5
11195,COMPUTER SYSTEMS SCIENCE AND ENGINEERING,COMPUT SYST SCI ENG,Comput. Syst. Sci. Eng.,0267-6192,,
11196,COMPUTER VISION AND IMAGE UNDERSTANDING,COMPUT VIS IMAGE UND,Comput. Vis. Image Underst.,1077-3142,,
11197,COMPUTING AND INFORMATICS,COMPUT INFORM,Comput. Inform.,1335-9150,,
11198,COMPUTING,COMPUTING,Computing,0010-485X,,
11199,COMPUTING IN SCIENCE & ENGINEERING,COMPUT SCI ENG,Comput. Sci. Eng.,1521-9615,,
11200,CONCURRENCY AND COMPUTATION-PRACTICE & EXPERIENCE,CONCURR COMP-PRACT E,Concurr. Comput.-Pract. Exp.,1532-0626,,
11201,CONNECTION SCIENCE,CONNECT SCI,Connect. Sci.,0954-0091,,
11202,CONSTRAINTS,CONSTRAINTS,Constraints,1383-7133,,
11203,CRYPTOGRAPHY AND COMMUNICATIONS-DISCRETE-STRUCTURES BOOLEAN FUNCTIONS AND SEQUENCES,CRYPTOGR COMMUN,Cryptogr. Commun.,1936-2447,,10.1007/s12095-008-0006-7
11204,CRYPTOLOGIA,CRYPTOLOGIA,Cryptologia,0161-1194,,
11205,CURRENT BIOINFORMATICS,CURR BIOINFORM,Curr. Bioinform.,1574-8936,,
11206,CURRENT CANCER DRUG TARGETS,CURR CANCER DRUG TAR,Curr. Cancer Drug Targets,1574-8936,,
11207,DATA & KNOWLEDGE ENGINEERING,DATA KNOWL ENG,Data Knowl. Eng.,0169-023X,,
11208,DATA MINING AND KNOWLEDGE DISCOVERY,DATA MIN KNOWL DISC,Data Min. Knowl. Discov.,1384-5810,,
11209,DECISION SUPPORT SYSTEMS,DECIS SUPPORT SYST,Decis. Support Syst.,0167-9236,,
11210,DESIGN AUTOMATION FOR EMBEDDED SYSTEMS,DES AUTOM EMBED SYST,Des. Autom. Embed. Syst.,0929-5585,,
11211,DESIGNS CODES AND CRYPTOGRAPHY,DESIGN CODE CRYPTOGR,Designs Codes Cryptogr.,0925-1022,,
11212,DIGITAL INVESTIGATION,DIGIT INVESTIG,Digit. Investig.,1742-2876,,10.1016/j.diin.2005.04.002
11213,Digital Investigation,DIGIT INVEST,Digit. Investig.,1742-2876,,10.1016/j.diin.2016.04.006
11214,DISPLAYS,DISPLAYS,Displays,0141-9382,,
11215,DISTRIBUTED AND PARALLEL DATABASES,DISTRIB PARALLEL DAT,Distrib. Parallel Databases,0926-8782,,
11216,DISTRIBUTED COMPUTING,DISTRIB COMPUT,Distrib. Comput.,0178-2770,,
11217,EMPIRICAL SOFTWARE ENGINEERING,EMPIR SOFTW ENG,Empir. Softw. Eng.,1382-3256,,
11218,ENGINEERING WITH COMPUTERS,ENG COMPUT-GERMANY,Eng. Comput.,0177-0667,,
11219,ENTERPRISE INFORMATION SYSTEMS,ENTERP INFORM SYST,Enterp. Inf. Syst.,1751-7575,,10.1080/17517570601092127
11220,ENVIRONMENTAL MODELLING & SOFTWARE,ENVIRON MODELL SOFTW,Environ. Modell. Softw.,1364-8152,,
11221,ETRI JOURNAL,ETRI J,ETRI J.,1225-6463,,10.4218/etrij.00.0100.0301
11222,EURASIP JOURNAL ON WIRELESS COMMUNICATIONS AND NETWORKING,EURASIP J WIREL COMM,EURASIP J. Wirel. Commun. Netw.,1687-1472,,10.1155/WCN/2006/17957
11223,EUROPEAN JOURNAL OF INFORMATION SYSTEMS,EUR J INFORM SYST,Eur. J. Inform. Syst.,0960-085X,,
11224,EVOLUTIONARY BIOINFORMATICS,EVOL BIOINFORM,Evol. Bioinform.,1176-9343,,
11225,EVOLUTIONARY COMPUTATION,EVOL COMPUT,Evol. Comput.,1063-6560,,
11226,EXPERT SYSTEMS,EXPERT SYST,Expert Syst.,0266-4720,,
11227,FORMAL ASPECTS OF COMPUTING,FORM ASP COMPUT,Form. Asp. Comput.,0934-5043,,10.1007/s00165-004-0043-8
11228,FORMAL METHODS IN SYSTEM DESIGN,FORM METHOD SYST DES,Form. Methods Syst. Des.,0925-9856,,
11229,FOUNDATIONS AND TRENDS IN INFORMATION RETRIEVAL,FOUND TRENDS INF RET,Found. Trends Inf. Retr.,1554-0669,,10.1561/1500000024
11230,FRONTIERS IN NEUROROBOTICS,FRONT NEUROROBOTICS,Front. Neurorobotics,1662-5218,,10.3389/fnbot.2013.00021
11231,FRONTIERS OF COMPUTER SCIENCE,FRONT COMPUT SCI-CHI,Front.. Comput. Sci.,2095-2228,,10.1007/s11704-011-1192-6
11232,FRONTIERS OF INFORMATION TECHNOLOGY & ELECTRONIC ENGINEERING,FRONT INFORM TECH EL,Front. Inform. Technol. Elect. Eng.,2095-9184,,10.1631/FITEE.1400209
11233,FUNDAMENTA INFORMATICAE,FUND INFORM,Fundam. Inform.,0169-2968,,
11234,FUTURE GENERATION COMPUTER SYSTEMS-THE INTERNATIONAL JOURNAL OF ESCIENCE,FUTURE GENER COMP SY,Futur. Gener. Comp. Syst.,0167-739X,,
11235,FUTURE GENERATION COMPUTER SYSTEMS,FUTURE GENER COMP SY,Futur. Gener. Comp. Syst.,0167-739X,,
11236,FUTURE GENERATION COMPUTER SYSTEMS-THE INTERNATIONAL JOURNAL OF GRID COMPUTING THEORY METHODS AND APPLICATIONS,FUTURE GENER COMP SY,Futur. Gener. Comp. Syst.,0167-739X,,10.1016/j.future.2004.11.016
11237,FUTURE GENERATION COMPUTER SYSTEMS-THE INTERNATIONAL JOURNAL OF GRID COMPUTING AND ESCIENCE,FUTURE GENER COMP SY,Futur. Gener. Comp. Syst.,0167-739X,,10.1016/j.future.2005.08.004
11238,GENETIC PROGRAMMING AND EVOLVABLE MACHINES,GENET PROGRAM EVOL M,Genet. Program. Evol. Mach.,1389-2576,,10.1007/s10710-007-9028-8
11239,GRAPHICAL MODELS,GRAPH MODELS,Graph. Models,1524-0703,,
11240,HUMAN-CENTRIC COMPUTING AND INFORMATION SCIENCES,HUM-CENT COMPUT INFO,Human-centric Comput. Inf. Sci.,2192-1962,,10.1186/s13673-015-0021-6
11241,HUMAN-COMPUTER INTERACTION,HUM-COMPUT INTERACT,Hum.-Comput. Interact.,0737-0024,,
11242,IBM JOURNAL OF RESEARCH AND DEVELOPMENT,IBM J RES DEV,IBM J. Res. Dev.,0018-8646,,
11243,ICGA JOURNAL,ICGA J,ICGA J.,1389-6911,,
11244,IEEE-ACM TRANSACTIONS ON COMPUTATIONAL BIOLOGY AND BIOINFORMATICS,IEEE ACM T COMPUT BI,IEEE-ACM Trans. Comput. Biol. Bioinform.,1545-5963,,
11245,IEEE-ACM TRANSACTIONS ON NETWORKING,IEEE ACM T NETWORK,IEEE-ACM Trans. Netw.,1063-6692,,
11246,IEEE ANNALS OF THE HISTORY OF COMPUTING,IEEE ANN HIST COMPUT,IEEE Ann. Hist. Comput.,1058-6180,,
11247,IEEE CLOUD COMPUTING,IEEE CLOUD COMPUT,IEEE Cloud Comput.,2325-6095,,
11248,IEEE COMMUNICATIONS LETTERS,IEEE COMMUN LETT,IEEE Commun. Lett.,1089-7798,,
11249,IEEE COMMUNICATIONS MAGAZINE,IEEE COMMUN MAG,IEEE Commun. Mag.,0163-6804,,
11250,IEEE COMMUNICATIONS SURVEYS AND TUTORIALS,IEEE COMMUN SURV TUT,IEEE Commun. Surv. Tutor.,1553-877X,,10.1109/COMST.2004.5342293
11251,IEEE COMPUTATIONAL INTELLIGENCE MAGAZINE,IEEE COMPUT INTELL M,IEEE Comput. Intell. Mag.,1556-603X,,
11252,IEEE COMPUTER ARCHITECTURE LETTERS,IEEE COMP ARCHIT L,IEEE Comput. Archit. Lett.,1556-6056,,10.1109/L-CA.2009.46
11253,IEEE COMPUTER GRAPHICS AND APPLICATIONS,IEEE COMPUT GRAPH,IEEE Comput. Graph. Appl.,0272-1716,,
11254,IEEE DESIGN & TEST,IEEE DES TEST,IEEE Des. Test,2168-2356,,10.1109/MDT.2012.2196252
11255,IEEE EMBEDDED SYSTEMS LETTERS,IEEE EMBED SYST LETT,IEEE Embed. Syst. Lett.,1943-0663,,10.1109/LES.2014.2371494
11256,IEEE INTERNET COMPUTING,IEEE INTERNET COMPUT,IEEE Internet Comput.,1089-7801,,
11257,IEEE INTERNET OF THINGS JOURNAL,IEEE INTERNET THINGS,IEEE Internet Things J.,2327-4662,,10.1109/JIOT.2014.2306328
11258,IEEE JOURNAL OF BIOMEDICAL AND HEALTH INFORMATICS,IEEE J BIOMED HEALTH,IEEE J. Biomed. Health Inform.,2168-2194,,10.1109/JBHI.2012.2234129
11259,IEEE JOURNAL ON SELECTED AREAS IN COMMUNICATIONS,IEEE J SEL AREA COMM,IEEE J. Sel. Areas Commun.,0733-8716,,
11260,IEEE MICRO,IEEE MICRO,IEEE Micro,0272-1732,,
11261,IEEE MULTIMEDIA,IEEE MULTIMEDIA,IEEE Multimedia,1070-986X,,
11262,IEEE NETWORK,IEEE NETWORK,IEEE Netw.,0890-8044,,
11263,IEEE PERVASIVE COMPUTING,IEEE PERVAS COMPUT,IEEE Pervasive Comput.,1536-1268,,
11264,IEEE SECURITY & PRIVACY,IEEE SECUR PRIV,IEEE Secur. Priv.,1540-7993,,
11265,IEEE SOFTWARE,IEEE SOFTWARE,IEEE Softw.,0740-7459,,
11266,IEEE SYSTEMS JOURNAL,IEEE SYST J,IEEE Syst. J.,1932-8184,,10.1109/JSYST.2007.909778
11267,IEEE TRANSACTIONS ON AFFECTIVE COMPUTING,IEEE T AFFECT COMPUT,IEEE Trans. Affect. Comput.,1949-3045,,10.1109/T-AFFC.2010.1
11268,IEEE TRANSACTIONS ON BROADCASTING,IEEE T BROADCAST,IEEE Trans. Broadcast.,0018-9316,,
11269,IEEE TRANSACTIONS ON CLOUD COMPUTING,IEEE TRANS CLOUD COM,IEEE Trans. Cloud Comput.,2168-7161,,10.1109/TCC.2014.2350475
11270,IEEE TRANSACTIONS ON COGNITIVE AND DEVELOPMENTAL SYSTEMS,IEEE T COGN DEV SYST,IEEE Trans. Cogn. Dev. Syst.,2379-8920,,10.1109/TAMD.2015.2496248
11271,IEEE TRANSACTIONS ON COMMUNICATIONS,IEEE T COMMUN,IEEE Trans. Commun.,0090-6778,,
11272,IEEE TRANSACTIONS ON COMPUTATIONAL INTELLIGENCE AND AI IN GAMES,IEEE T COMP INTEL AI,IEEE Trans. Comput. Intell. AI Games,1943-068X,,10.1109/TCIAIG.2009.2024533
11273,IEEE TRANSACTIONS ON COMPUTERS,IEEE T COMPUT,IEEE Trans. Comput.,0018-9340,,
11274,IEEE TRANSACTIONS ON CYBERNETICS,IEEE T CYBERNETICS,IEEE T. Cybern.,2168-2267,,10.1109/TCYB.2013.2265378
11275,IEEE TRANSACTIONS ON DEPENDABLE AND SECURE COMPUTING,IEEE T DEPEND SECURE,IEEE Trans. Dependable Secur. Comput.,1545-5971,,
11276,IEEE TRANSACTIONS ON EMERGING TOPICS IN COMPUTING,IEEE T EMERG TOP COM,IEEE Trans. Emerg. Top. Comput.,2168-6750,,10.1109/TETC.2013.2273359
11277,IEEE TRANSACTIONS ON EVOLUTIONARY COMPUTATION,IEEE T EVOLUT COMPUT,IEEE Trans. Evol. Comput.,1089-778X,,
11278,IEEE TRANSACTIONS ON HAPTICS,IEEE T HAPTICS,IEEE Trans. Haptics,1939-1412,,10.1109/ToH.2008.13
11279,IEEE TRANSACTIONS ON INFORMATION FORENSICS AND SECURITY,IEEE T INF FOREN SEC,IEEE Trans. Inf. Forensic Secur.,1556-6013,,10.1109/TIFS.2006.873602
11280,IEEE TRANSACTIONS ON INFORMATION THEORY,IEEE T INFORM THEORY,IEEE Trans. Inf. Theory,0018-9448,,
11281,IEEE TRANSACTIONS ON LEARNING TECHNOLOGIES,IEEE T LEARN TECHNOL,IEEE Trans. Learn. Technol.,1939-1382,,10.1109/TLT.2009.4
11282,IEEE TRANSACTIONS ON MOBILE COMPUTING,IEEE T MOBILE COMPUT,IEEE. Trans. Mob. Comput.,1536-1233,,
11283,IEEE TRANSACTIONS ON MULTIMEDIA,IEEE T MULTIMEDIA,IEEE Trans. Multimedia,1520-9210,,
11284,IEEE TRANSACTIONS ON NETWORK AND SERVICE MANAGEMENT,IEEE T NETW SERV MAN,IEEE Trans. Netw. Serv. Manag.,1932-4537,,10.1109/TNSM.2011.122011.110151
11285,IEEE TRANSACTIONS ON NEURAL NETWORKS AND LEARNING SYSTEMS,IEEE T NEUR NET LEAR,IEEE Trans. Neural Netw. Learn. Syst.,2162-237X,,10.1109/TNNLS.2012.2197412
11286,IEEE TRANSACTIONS ON PARALLEL AND DISTRIBUTED SYSTEMS,IEEE T PARALL DISTR,IEEE Trans. Parallel Distrib. Syst.,1045-9219,,
11287,IEEE TRANSACTIONS ON SERVICES COMPUTING,IEEE T SERV COMPUT,IEEE Trans. Serv. Comput.,1939-1374,,10.1109/TSC.2009.26
11288,IEEE Transactions on Services Computing,IEEE T SERV COMPUT,IEEE Trans. Serv. Comput.,1939-1374,,10.1109/TSC.2014.2370642
11289,IEEE TRANSACTIONS ON SOFTWARE ENGINEERING,IEEE T SOFTWARE ENG,IEEE Trans. Softw. Eng.,0098-5589,,
11290,IEEE TRANSACTIONS ON VISUALIZATION AND COMPUTER GRAPHICS,IEEE T VIS COMPUT GR,IEEE Trans. Vis. Comput. Graph.,1077-2626,,
11291,IEEE TRANSACTIONS ON WIRELESS COMMUNICATIONS,IEEE T WIREL COMMUN,IEEE Trans. Wirel. Commun.,1536-1276,,10.1109/TWC.2002.804190
11292,IEEE WIRELESS COMMUNICATIONS,IEEE WIREL COMMUN,IEEE Wirel. Commun.,1536-1284,,
11293,IEEE WIRELESS COMMUNICATIONS LETTERS,IEEE WIREL COMMUN LE,IEEE Wirel. Commun. Lett.,2162-2337,,10.1109/WCL.2012.053112.120212
11294,IEICE TRANSACTIONS ON COMMUNICATIONS,IEICE T COMMUN,IEICE Trans. Commun.,0916-8516,,
11295,IEICE TRANSACTIONS ON INFORMATION AND SYSTEMS,IEICE T INF SYST,IEICE Trans. Inf. Syst.,1745-1361,,
11296,IET BIOMETRICS,IET BIOMETRICS,IET Biom.,2047-4938,,10.1049/iet-bmt.2011.0009
11297,IET COMPUTERS AND DIGITAL TECHNIQUES,IET COMPUT DIGIT TEC,IET Comput. Digit. Tech.,1751-8601,,10.1049/iet-cdt:20060026
11298,IET COMPUTER VISION,IET COMPUT VIS,IET Comput. Vis.,1751-9632,,10.1049/iet-cvi:20070009
11299,IET INFORMATION SECURITY,IET INFORM SECUR,IET Inf. Secur.,1751-8709,,10.1049/iet-ifs:20060059
11300,IET Information Security,IET INFORM SECUR,IET Inf. Secur.,1751-8709,,10.1049/iet-ifs:20080066
11301,IET RADAR SONAR AND NAVIGATION,IET RADAR SONAR NAV,IET Radar Sonar Navig.,1751-8784,,10.1049/ict-rsn:20060103
11302,IET SOFTWARE,IET SOFTW,IET Softw.,1751-8806,,10.1049/ict-sen:20070027
11303,INFORMATICA,INFORMATICA-LITHUAN,Informatica,0868-4952,,
11304,INFORMATION AND COMPUTATION,INFORM COMPUT,Inf. Comput.,0890-5401,,10.1006/inco.200.2917
11305,INFORMATION AND SOFTWARE TECHNOLOGY,INFORM SOFTWARE TECH,Inf. Softw. Technol.,0950-5849,,
11306,INFORMATION FUSION,INFORM FUSION,Inf. Fusion,1566-2535,,10.1016/j.inffus.2004.06.005
11307,INFORMATION PROCESSING LETTERS,INFORM PROCESS LETT,Inf. Process. Lett.,0020-0190,,
11308,INFORMATION RETRIEVAL,INFORM RETRIEVAL,Inf. Retr.,1386-4564,,
11309,INFORMATION RETRIEVAL JOURNAL,INFORM RETRIEVAL J,Inf. Retr. J.,1386-4564,,10.1007/s10791-015-9267-x
11310,INFORMATION SCIENCES,INFORM SCIENCES,Inf. Sci.,0020-0255,,
11311,INFORMATION SYSTEMS FRONTIERS,INFORM SYST FRONT,Inf. Syst. Front.,1387-3326,,
11312,INFORMATION SYSTEMS,INFORM SYST,Inf. Syst.,0306-4379,,
11313,INFORMATION SYSTEMS MANAGEMENT,INFORM SYST MANAGE,Inf. Syst. Manage.,1058-0530,,
11314,INFORMATION TECHNOLOGY AND CONTROL,INF TECHNOL CONTROL,Inf. Technol. Control,1392-124X,,
11315,INFORMATION VISUALIZATION,INFORM VISUAL,Inf. Vis.,1473-8716,,10.1057/palgrave.ivs.9500180
11316,INFORMS JOURNAL ON COMPUTING,INFORMS J COMPUT,INFORMS J. Comput.,1091-9856,,
11317,INTEGRATED COMPUTER-AIDED ENGINEERING,INTEGR COMPUT-AID E,Integr. Comput.-Aided Eng.,1069-2509,,
11318,INTEGRATION-THE VLSI JOURNAL,INTEGRATION,Integration-VLSI J.,0167-9260,,
11319,INTELLIGENT DATA ANALYSIS,INTELL DATA ANAL,Intell. Data Anal.,1088-467X,,
11320,INTERACTING WITH COMPUTERS,INTERACT COMPUT,Interact. Comput.,0953-5438,,
11321,INTERNATIONAL ARAB JOURNAL OF INFORMATION TECHNOLOGY,INT ARAB J INF TECHN,Int. Arab J. Inf. Technol.,1683-3198,,
11322,INTERNATIONAL JOURNAL FOR NUMERICAL METHODS IN BIOMEDICAL ENGINEERING,INT J NUMER METH BIO,Int. J. Numer. Meth. Biomed.,2040-7939,,10.1002/cnm.1241
11323,INTERNATIONAL JOURNAL OF AD HOC AND UBIQUITOUS COMPUTING,INT J AD HOC UBIQ CO,Int. J. Ad Hoc Ubiquitous Comput.,1743-8225,,
11324,International Journal of Ad Hoc and Ubiquitous Computing,INT J AD HOC UBIQ CO,Int. J. Ad Hoc Ubiquitous Comput.,1743-8225,,10.1504/IJAHUC.2016.10000096
11325,INTERNATIONAL JOURNAL OF APPROXIMATE REASONING,INT J APPROX REASON,Int. J. Approx. Reasoning,0888-613X,,
11326,INTERNATIONAL JOURNAL OF BIO-INSPIRED COMPUTATION,INT J BIO-INSPIR COM,Int. J. Bio-Inspired Comput..,1758-0366,,
11327,INTERNATIONAL JOURNAL OF COMPUTATIONAL INTELLIGENCE SYSTEMS,INT J COMPUT INT SYS,Int. J. Comput. Intell. Syst.,1875-6891,,
11328,INTERNATIONAL JOURNAL OF COMPUTERS COMMUNICATIONS & CONTROL,INT J COMPUT COMMUN,Int. J. Comput. Commun. Control,1841-9836,,
11329,INTERNATIONAL JOURNAL OF COOPERATIVE INFORMATION SYSTEMS,INT J COOP INF SYST,Int. J. Coop. Inf. Syst.,0218-8430,,
11330,INTERNATIONAL JOURNAL OF DATA MINING AND BIOINFORMATICS,INT J DATA MIN BIOIN,Int. J. Data Min. Bioinform.,1748-5673,,
11331,INTERNATIONAL JOURNAL OF DATA WAREHOUSING AND MINING,INT J DATA WAREHOUS,Int. J. Data Warehous. Min.,1548-3924,,
11332,International Journal of Data Warehousing and Mining,INT J DATA WAREHOUS,Int. J. Data Warehous. Min.,1548-3924,,10.4018/ijdwm.2015040104
11333,INTERNATIONAL JOURNAL OF DISTRIBUTED SENSOR NETWORKS,INT J DISTRIB SENS N,Int. J. Distrib. Sens. Netw.,1550-1477,,10.1080/15501320590966422
11334,INTERNATIONAL JOURNAL OF FOUNDATIONS OF COMPUTER SCIENCE,INT J FOUND COMPUT S,Int. J. Found. Comput. Sci.,0129-0541,,
11335,INTERNATIONAL JOURNAL OF GENERAL SYSTEMS,INT J GEN SYST,Int. J. Gen. Syst.,0308-1079,,
11336,INTERNATIONAL JOURNAL OF HIGH PERFORMANCE COMPUTING APPLICATIONS,INT J HIGH PERFORM C,Int. J. High Perform. Comput. Appl.,1094-3420,,
11337,INTERNATIONAL JOURNAL OF INFORMATION SECURITY,INT J INF SECUR,Int. J. Inf. Secur.,1615-5262,,
11338,INTERNATIONAL JOURNAL OF INFORMATION TECHNOLOGY & DECISION MAKING,INT J INF TECH DECIS,Int. J. Inf. Technol. Decis. Mak.,0219-6220,,
11339,INTERNATIONAL JOURNAL OF MACHINE LEARNING AND CYBERNETICS,INT J MACH LEARN CYB,Int. J. Mach. Learn. Cybern.,1868-8071,,10.1007/s13042-010-0001-0
11340,INTERNATIONAL JOURNAL OF NETWORK MANAGEMENT,INT J NETW MANAG,Int. J. Netw. Manag.,1055-7148,,10.1002/nem.680
11341,INTERNATIONAL JOURNAL OF NEURAL SYSTEMS,INT J NEURAL SYST,Int. J. Neural Syst.,0129-0657,,
11342,INTERNATIONAL JOURNAL OF PARALLEL PROGRAMMING,INT J PARALLEL PROG,Int. J. Parallel Program.,0885-7458,,
11343,INTERNATIONAL JOURNAL OF PATTERN RECOGNITION AND ARTIFICIAL INTELLIGENCE,INT J PATTERN RECOGN,Int. J. Pattern Recognit. Artif. Intell.,0218-0014,,
11344,INTERNATIONAL JOURNAL OF SATELLITE COMMUNICATIONS AND NETWORKING,INT J SATELL CO NETW,Int. J. Satell. Commun. Netw.,1542-0973,,10.1002/sat.760
11345,INTERNATIONAL JOURNAL OF SENSOR NETWORKS,INT J SENS NETW,Int. J. Sens. Netw.,1748-1279,,
11346,INTERNATIONAL JOURNAL OF SOFTWARE ENGINEERING AND KNOWLEDGE ENGINEERING,INT J SOFTW ENG KNOW,Int. J. Softw. Eng. Knowl. Eng.,0218-1940,,
11347,INTERNATIONAL JOURNAL OF UNCERTAINTY FUZZINESS AND KNOWLEDGE-BASED SYSTEMS,INT J UNCERTAIN FUZZ,Int. J. Uncertainty Fuzziness Knowl.-Based Syst.,0218-4885,,
11348,INTERNATIONAL JOURNAL OF UNCONVENTIONAL COMPUTING,INT J UNCONV COMPUT,Int. J. Unconv. Comput.,1548-7199,,
11349,INTERNATIONAL JOURNAL OF WAVELETS MULTIRESOLUTION AND INFORMATION PROCESSING,INT J WAVELETS MULTI,Int. J. Wavelets Multiresolut. Inf. Process.,0219-6913,,
11350,INTERNATIONAL JOURNAL OF WEB AND GRID SERVICES,INT J WEB GRID SERV,Int. J. Web Grid Serv.,1741-1106,,
11351,INTERNATIONAL JOURNAL OF WEB SERVICES RESEARCH,INT J WEB SERV RES,Int. J. Web. Serv. Res.,1545-7362,,
11352,International Journal of Web Services Research,INT J WEB SERV RES,Int. J. Web. Serv. Res.,1545-7362,,10.4018/ijwsr.2014070103
11353,INTERNATIONAL JOURNAL ON ARTIFICIAL INTELLIGENCE TOOLS,INT J ARTIF INTELL T,Int. J. Artif. Intell. Tools,0218-2130,,
11354,INTERNATIONAL JOURNAL ON DOCUMENT ANALYSIS AND RECOGNITION,INT J DOC ANAL RECOG,Int. J. Doc. Anal. Recognit.,1433-2833,,10.1007/s10032-005-0014-O
11355,INTERNATIONAL JOURNAL ON SEMANTIC WEB AND INFORMATION SYSTEMS,INT J SEMANT WEB INF,Int. J. Semant. Web Inf. Syst.,1552-6283,,
11356,INTERNATIONAL JOURNAL ON SOFTWARE TOOLS FOR TECHNOLOGY TRANSFER,INT J SOFTW TOOLS TE,Int. J. Softw. Tools Technol. Transf.,1433-2779,,10.1007/s10009-014-0332-3
11357,INTERNET RESEARCH-ELECTRONIC NETWORKING APPLICATIONS AND POLICY,INTERNET RES,Internet Res.-Electron. Netw. Appl. Policy,1066-2243,,
11358,INTERNET RESEARCH,INTERNET RES,Internet Res.,1066-2243,,
11359,IT PROFESSIONAL,IT PROF,IT Prof.,1520-9202,,
11360,JMIR SERIOUS GAMES,JMIR SERIOUS GAMES,JMIR Serious Games,2291-9279,,10.2196/games.3401
11361,JOURNAL OF AMBIENT INTELLIGENCE AND HUMANIZED COMPUTING,J AMB INTEL HUM COMP,J. Ambient Intell. Humaniz. Comput.,1868-5137,,10.1007/s12652-009-0007-1
11362,JOURNAL OF AMBIENT INTELLIGENCE AND SMART ENVIRONMENTS,J AMB INTEL SMART EN,J. Ambient Intell. Smart Environ.,1876-1364,,10.3233/AIS-2009-0001
11363,JOURNAL OF ARTIFICIAL INTELLIGENCE RESEARCH,J ARTIF INTELL RES,J. Artif. Intell. Res.,1076-9757,,
11364,JOURNAL OF AUTOMATED REASONING,J AUTOM REASONING,J. Autom. Reasoning,0168-7433,,
11365,JOURNAL OF BIOINFORMATICS AND COMPUTATIONAL BIOLOGY,J BIOINF COMPUT BIOL,J. Bioinform. Comput. Biol.,0219-7200,,10.1142/S0219720007002795
11366,JOURNAL OF BIOMEDICAL INFORMATICS,J BIOMED INFORM,J. Biomed. Inform.,1532-0464,,10.1006/jbin.2001.1029
11367,JOURNAL OF CELLULAR AUTOMATA,J CELL AUTOM,J. Cell. Autom.,1557-5969,,
11368,JOURNAL OF CHEMINFORMATICS,J CHEMINFORMATICS,J. Cheminformatics,1758-2946,,10.1186/1758-2946-1-15
11369,JOURNAL OF COMMUNICATIONS AND NETWORKS,J COMMUN NETW,J. Commun. Netw.,1229-2370,,
11370,JOURNAL OF COMMUNICATIONS TECHNOLOGY AND ELECTRONICS,J COMMUN TECHNOL EL+,J. Commun. Technol. Electron.,1064-2269,,
11371,JOURNAL OF COMPUTATIONAL SCIENCE,J COMPUT SCI-NETH,J. Comput. Sci.,1877-7503,,10.1016/j.jocs.2010.07.002
11372,Journal of Computational Science,J COMPUT SCI-NETH,J. Comput. Sci.,1877-7503,,10.1016/j.jocs.2014.11.002
11373,JOURNAL OF COMPUTER AND SYSTEM SCIENCES,J COMPUT SYST SCI,J. Comput. Syst. Sci.,0022-0000,,10.1006/jcss.1999.1693
11374,JOURNAL OF COMPUTER AND SYSTEMS SCIENCES INTERNATIONAL,J COMPUT SYS SC INT+,J. Comput. Syst. Sci. Int.,1064-2307,,
11375,JOURNAL OF COMPUTER INFORMATION SYSTEMS,J COMPUT INFORM SYST,J. Comput. Inf. Syst.,0887-4417,,
11376,JOURNAL OF COMPUTER SCIENCE AND TECHNOLOGY,J COMPUT SCI TECHNOL,J. Comput. Sci. Technol.,1000-9000,,
11377,JOURNAL OF CRYPTOLOGY,J CRYPTOL,J. Cryptology,0933-2790,,
11378,JOURNAL OF DATABASE MANAGEMENT,J DATABASE MANAGE,J. Database Manage.,1063-8016,,
11379,JOURNAL OF EXPERIMENTAL & THEORETICAL ARTIFICIAL INTELLIGENCE,J EXP THEOR ARTIF IN,J. Exp. Theor. Artif. Intell.,0952-813X,,
11380,JOURNAL OF FUNCTIONAL PROGRAMMING,J FUNCT PROGRAM,J. Funct. Program,0956-7968,,
11381,JOURNAL OF GRID COMPUTING,J GRID COMPUT,J. Comput.,1570-7873,,10.1007/s10723-007-9095-3
11382,JOURNAL OF HEURISTICS,J HEURISTICS,J. Heuristics,1381-1231,,
11383,JOURNAL OF INFORMATION SCIENCE AND ENGINEERING,J INF SCI ENG,J. Inf. Sci. Eng.,1016-2364,,
11384,JOURNAL OF INFORMATION SECURITY AND APPLICATIONS,J INF SECUR APPL,J. Inf. Secur. Appl.,2214-2126,,10.1016/j.jisa.2014.09.005
11385,JOURNAL OF INFORMATION TECHNOLOGY,J INFORM TECHNOL,J. Inf. Technol.,0268-3962,,
11386,JOURNAL OF INTELLIGENT & FUZZY SYSTEMS,J INTELL FUZZY SYST,J. Intell. Fuzzy Syst.,1064-1246,,
11387,JOURNAL OF INTELLIGENT INFORMATION SYSTEMS,J INTELL INF SYST,J. Intell. Inf. Syst.,0925-9902,,
11388,JOURNAL OF INTERNET TECHNOLOGY,J INTERNET TECHNOL,J. Internet Technol.,1607-9264,,
11389,JOURNAL OF LOGICAL AND ALGEBRAIC METHODS IN PROGRAMMING,J LOG ALGEBR METHODS,J. Log. Algebr. Methods Program,2352-2208,,10.1016/j.jlamp.2014.08.005
11390,JOURNAL OF LOGIC AND COMPUTATION,J LOGIC COMPUT,J. Logic Comput.,0955-792X,,
11391,JOURNAL OF LOGIC LANGUAGE AND INFORMATION,J LOGIC LANG INFORM,J. Log. Lang. Inf.,0925-8531,,10.1007/s10849-013-9183-7
11392,JOURNAL OF MACHINE LEARNING RESEARCH,J MACH LEARN RES,J. Mach. Learn. Res.,1532-4435,,
11393,JOURNAL OF MANAGEMENT INFORMATION SYSTEMS,J MANAGE INFORM SYST,J. Manage. Inform. Syst.,0742-1222,,
11394,JOURNAL OF MATHEMATICAL IMAGING AND VISION,J MATH IMAGING VIS,J. Math. Imaging Vis.,0924-9907,,
11395,JOURNAL OF MOLECULAR GRAPHICS & MODELLING,J MOL GRAPH MODEL,J. Mol. Graph.,1093-3263,,
11396,JOURNAL OF MULTIPLE-VALUED LOGIC AND SOFT COMPUTING,J MULT-VALUED LOG S,J. Mult.-Valued Log. Soft Comput.,1542-3980,,
11397,JOURNAL OF NETWORK AND COMPUTER APPLICATIONS,J NETW COMPUT APPL,J. Netw. Comput. Appl.,1084-8045,,10.1006/jnca.2000.0110
11398,JOURNAL OF NETWORK AND SYSTEMS MANAGEMENT,J NETW SYST MANAG,J. Netw. Syst. Manag.,1064-7570,,10.1007/s10922-005-9019-0
11399,JOURNAL OF NEW MUSIC RESEARCH,J NEW MUSIC RES,J. New Music Res.,0929-8215,,
11400,JOURNAL OF OPTICAL COMMUNICATIONS AND NETWORKING,J OPT COMMUN NETW,J. Opt. Commun. Netw.,1943-0620,,10.1364/JOCN.1.000176
11401,JOURNAL OF ORGANIZATIONAL AND END USER COMPUTING,J ORGAN END USER COM,J. Organ. End User Comput.,1546-2234,,10.4018/joeuc.2010101901
11402,JOURNAL OF ORGANIZATIONAL COMPUTING AND ELECTRONIC COMMERCE,J ORG COMP ELECT COM,J. Organ. Comp. Electron. Commer.,1091-9392,,
11403,JOURNAL OF PARALLEL AND DISTRIBUTED COMPUTING,J PARALLEL DISTR COM,J. Parallel Distrib. Comput.,0743-7315,,
11404,JOURNAL OF REAL-TIME IMAGE PROCESSING,J REAL-TIME IMAGE PR,J. Real-Time Image Process.,1861-8200,,10.1007/s11554-006-0001-1
11405,JOURNAL OF SOFTWARE-EVOLUTION AND PROCESS,J SOFTW-EVOL PROC,J. Softw.-Evol. Proc.,2047-7473,,10.1002/smr.530
11406,JOURNAL OF STATISTICAL SOFTWARE,J STAT SOFTW,J. Stat. Softw.,1548-7660,,
11407,JOURNAL OF STRATEGIC INFORMATION SYSTEMS,J STRATEGIC INF SYST,J. Strateg. Inf. Syst.,0963-8687,,
11408,JOURNAL OF SUPERCOMPUTING,J SUPERCOMPUT,J. Supercomput.,0920-8542,,
11409,JOURNAL OF SYSTEMS AND SOFTWARE,J SYST SOFTWARE,J. Syst. Softw.,0164-1212,,
11410,JOURNAL OF SYSTEMS ARCHITECTURE,J SYST ARCHITECT,J. Syst. Architect.,1383-7621,,
11411,JOURNAL OF THE ACM,J ACM,J. ACM,0004-5411,,
11412,JOURNAL OF THE ASSOCIATION FOR INFORMATION SYSTEMS,J ASSOC INF SYST,J. Assoc. Inf. Syst.,1536-9323,,
11413,JOURNAL OF THE INSTITUTE OF TELECOMMUNICATIONS PROFESSIONALS,J I TELECOMMUN PROF,J. Inst. Telecommun. Prof.,1755-9278,,
11414,JOURNAL OF UNIVERSAL COMPUTER SCIENCE,J UNIVERS COMPUT SCI,J. Univers. Comput. Sci.,0948-695X,,
11415,JOURNAL OF VISUAL COMMUNICATION AND IMAGE REPRESENTATION,J VIS COMMUN IMAGE R,J. Vis. Commun. Image Represent.,1047-3203,,
11416,JOURNAL OF VISUALIZATION,J VISUAL-JAPAN,J. Vis.,1343-8875,,
11417,JOURNAL OF VISUAL LANGUAGES AND COMPUTING,J VISUAL LANG COMPUT,J. Vis. Lang. Comput.,1045-926X,,
11418,JOURNAL OF WEB ENGINEERING,J WEB ENG,J. Web Eng.,1540-9589,,
11419,JOURNAL OF WEB SEMANTICS,J WEB SEMANT,J. Web Semant.,1570-8268,,10.1016/j.websem.2005.06.005
11420,JOURNAL ON MULTIMODAL USER INTERFACES,J MULTIMODAL USER IN,J. Multimodal User Interfaces,1783-7677,,
11421,KNOWLEDGE AND INFORMATION SYSTEMS,KNOWL INF SYST,Knowl. Inf. Syst.,0219-1377,,10.1007/s10115-003-0137-2
11422,KNOWLEDGE-BASED SYSTEMS,KNOWL-BASED SYST,Knowledge-Based Syst.,0950-7051,,
11423,KNOWLEDGE ENGINEERING REVIEW,KNOWL ENG REV,Knowl. Eng. Rev.,0269-8889,,
11424,KSII TRANSACTIONS ON INTERNET AND INFORMATION SYSTEMS,KSII T INTERNET INF,KSII Trans. Internet Inf. Syst.,1976-7277,,10.3837/tiis.2007.01.002
11425,LANGUAGE RESOURCES AND EVALUATION,LANG RESOUR EVAL,Lang. Resour. Eval.,1574-020X,,10.1007/s10579-005-7880-9
11426,LOGICAL METHODS IN COMPUTER SCIENCE,LOG METH COMPUT SCI,Log. Meth. Comput. Sci.,1860-5974,,10.2168/LMCS-1(2:1)2005
11427,Logical Methods in Computer Science,LOG METH COMPUT SCI,Log. Meth. Comput. Sci.,1860-5974,,10.2168/LMCS-3(1:2)2007
11428,MALAYSIAN JOURNAL OF COMPUTER SCIENCE,MALAYS J COMPUT SCI,Malayas. J. Comput. Sci.,0127-9084,,
11429,MATHEMATICAL AND COMPUTER MODELLING OF DYNAMICAL SYSTEMS,MATH COMP MODEL DYN,Math. Comput. Model. Dyn. Syst.,1387-3954,,
11430,MATHEMATICAL MODELLING OF NATURAL PHENOMENA,MATH MODEL NAT PHENO,Math. Model. Nat. Phenom.,0973-5348,,10.1051/mmnp:2006004
11431,MATHEMATICAL PROGRAMMING,MATH PROGRAM,Math. Program.,0025-5610,,
11432,MATHEMATICAL STRUCTURES IN COMPUTER SCIENCE,MATH STRUCT COMP SCI,Math. Struct. Comput. Sci.,0960-1295,,10.1017/S0960129504004153
11433,MEDICAL IMAGE ANALYSIS,MED IMAGE ANAL,Med. Image Anal.,1361-8415,,
11434,MEMETIC COMPUTING,MEMET COMPUT,Memet. Comput.,1865-9284,,10.1007/s12293-012-0075-1
11435,MICROPROCESSORS AND MICROSYSTEMS,MICROPROCESS MICROSY,Microprocess. Microsyst.,0141-9331,,
11436,MINDS AND MACHINES,MIND MACH,Minds Mach.,0924-6495,,
11437,MOBILE INFORMATION SYSTEMS,MOB INF SYST,Mob. Inf. Syst.,1574-017X,,
11438,MOBILE NETWORKS & APPLICATIONS,MOBILE NETW APPL,Mobile Netw. Appl.,1383-469X,,
11439,MULTIDIMENSIONAL SYSTEMS AND SIGNAL PROCESSING,MULTIDIM SYST SIGN P,Multidimens. Syst. Signal Process.,0923-6082,,
11440,MULTIMEDIA SYSTEMS,MULTIMEDIA SYST,Multimedia Syst.,0942-4962,,
11441,MULTIMEDIA TOOLS AND APPLICATIONS,MULTIMED TOOLS APPL,Multimed. Tools Appl.,1380-7501,,
11442,NANO COMMUNICATION NETWORKS,NANO COMMUN NETW,Nano Commun.Netw.,1878-7789,,10.1016/j.nancom.2014.06.001
11443,Nano Communication Networks,NANO COMMUN NETW,Nano Commun.Netw.,1878-7789,,10.1016/j.nancom.2016.07.003
11444,NATURAL COMPUTING,NAT COMPUT,Nat. Comput.,1567-7818,,10.1007/s11047-009-9175-3
11445,NETWORKS,NETWORKS,Networks,0028-3045,,
11446,NEURAL COMPUTATION,NEURAL COMPUT,Neural Comput.,0899-7667,,
11447,NEURAL NETWORKS,NEURAL NETWORKS,Neural Netw.,0893-6080,,
11448,NEURAL NETWORK WORLD,NEURAL NETW WORLD,Neural Netw. World,1210-0552,,
11449,NEURAL PROCESSING LETTERS,NEURAL PROCESS LETT,Neural Process. Lett.,1370-4621,,
11450,NEUROCOMPUTING,NEUROCOMPUTING,Neurocomputing,0925-2312,,
11451,NEW GENERATION COMPUTING,NEW GENERAT COMPUT,New Gener. Comput.,0288-3635,,
11452,NEW REVIEW OF HYPERMEDIA AND MULTIMEDIA,NEW REV HYPERMEDIA M,New Rev. Hypermedia Multimed.,1361-4568,,10.1080/13614560802357172
11453,ONLINE INFORMATION REVIEW,ONLINE INFORM REV,Online Inf. Rev.,1468-4527,,
11454,INSTRUCTIONAL SCIENCE,INSTR SCI,Instr. Sci.,0020-4277,,
11455,OPTICAL SWITCHING AND NETWORKING,OPT SWITCH NETW,Opt. Switch. Netw.,1573-4277,,10.1016/j.osn.2007.07.001
11456,OPTIMIZATION METHODS & SOFTWARE,OPTIM METHOD SOFTW,Optim. Method Softw.,1055-6788,,
11457,PARALLEL COMPUTING,PARALLEL COMPUT,Parallel Comput.,0167-8191,,
11458,PEER-TO-PEER NETWORKING AND APPLICATIONS,PEER PEER NETW APPL,Peer Peer Netw. Appl.,1936-6442,,10.1007/s12083-007-0006-y
11459,PERFORMANCE EVALUATION,PERFORM EVALUATION,Perform. Eval.,0166-5316,,
11460,PERSONAL AND UBIQUITOUS COMPUTING,PERS UBIQUIT COMPUT,Pers. Ubiquitous Comput.,1617-4909,,
11461,PERVASIVE AND MOBILE COMPUTING,PERVASIVE MOB COMPUT,Pervasive Mob. Comput.,1574-1192,,10.1016/j.pmcj.2009.04.001
11462,PHOTONIC NETWORK COMMUNICATIONS,PHOTONIC NETW COMMUN,Photonic Netw. Commun.,1387-974X,,
11463,PHYSICAL COMMUNICATION,PHYS COMMUN-AMST,Phys. Commun.,1874-4907,,10.1016/j.phycom.2010.12.003
11464,PRESENCE-TELEOPERATORS AND VIRTUAL ENVIRONMENTS,PRESENCE-TELEOP VIRT,Presence-Teleoper. Virtual Env.,1054-7460,,
11465,PROBLEMS OF INFORMATION TRANSMISSION,PROBL INFORM TRANSM+,Probl. Inf. Transm.,0032-9460,,
11466,PROGRAMMING AND COMPUTER SOFTWARE,PROGRAM COMPUT SOFT+,Program. Comput. Softw.,0361-7688,,
11467,RAIRO-INFORMATIQUE THEORIQUE ET APPLICATIONS-THEORETICAL INFORMATICS AND APPLICATIONS,RAIRO-INF THEOR APPL,Rairo-Inform. Theor. Appl.-Theor. Inform. Appl.,0988-3754,,
11468,RAIRO-THEORETICAL INFORMATICS AND APPLICATIONS,RAIRO-THEOR INF APPL,Rairo-Theor. Inform. Appl.,0988-3754,,10.1051/ita:2002014
11469,REAL-TIME SYSTEMS,REAL-TIME SYST,Real-Time Syst.,0922-6443,,
11470,REQUIREMENTS ENGINEERING,REQUIR ENG,Requir. Eng.,0947-3602,,10.1007/s00766-004-0204-6
11471,RESEARCH SYNTHESIS METHODS,RES SYNTH METHODS,Res. Synth. Methods,1759-2879,,10.1002/jrsm.12
11472,ROMANIAN JOURNAL OF INFORMATION SCIENCE AND TECHNOLOGY,ROM J INF SCI TECH,Rom. J. Inform. Sci. Technol.,1453-8245,,
11473,SCIENCE CHINA-INFORMATION SCIENCES,SCI CHINA INFORM SCI,Sci. China-Inf. Sci.,1674-733X,,10.1007/s11432-010-0090-0
11474,Science China-Information Sciences,SCI CHINA INFORM SCI,Sci. China-Inf. Sci.,1674-733X,,10.1007/s11432-016-5588-7
11475,SCIENCE OF COMPUTER PROGRAMMING,SCI COMPUT PROGRAM,Sci. Comput. Program.,0167-6423,,
11476,SCIENTIFIC PROGRAMMING,SCI PROGRAMMING-NETH,Sci. Program.,1058-9244,,
11477,SECURITY AND COMMUNICATION NETWORKS,SECUR COMMUN NETW,Secur. Commun. Netw.,1939-0114,,10.1002/sec.13
11478,SEMANTIC WEB,SEMANT WEB,Semant. Web,1570-0844,,10.3233/SW-2010-0005
11479,SIAM JOURNAL ON COMPUTING,SIAM J COMPUT,SIAM J. Comput.,0097-5397,,
11480,SIAM JOURNAL ON IMAGING SCIENCES,SIAM J IMAGING SCI,SIAM J. Imaging Sci.,1936-4954,,10.1137/080724265
11481,SIGMOD RECORD,SIGMOD RECORD,Sigmod Rec.,0163-5808,,
11482,SIMULATION MODELLING PRACTICE AND THEORY,SIMUL MODEL PRACT TH,Simul. Model. Pract. Theory,1569-190X,,
11483,SIMULATION,SIMULATION,Simulation,0037-5497,,
11484,SIMULATION-TRANSACTIONS OF THE SOCIETY FOR MODELING AND SIMULATION INTERNATIONAL,SIMUL-T SOC MOD SIM,Simul.-Trans. Soc. Model. Simul. Int.,0037-5497,,
11485,SOFT COMPUTING,SOFT COMPUT,Soft Comput.,1432-7643,,10.1007/S00500-002-0169-7
11486,SOFTWARE AND SYSTEMS MODELING,SOFTW SYST MODEL,Softw. Syst. Model.,1619-1366,,10.1007/s10270-006-0044-6
11487,SOFTWARE-PRACTICE & EXPERIENCE,SOFTWARE PRACT EXPER,Softw.-Pract. Exp.,0038-0644,,
11488,SOFTWARE QUALITY JOURNAL,SOFTWARE QUAL J,Softw. Qual. J.,0963-9314,,
11489,SOFTWARE TESTING VERIFICATION & RELIABILITY,SOFTW TEST VERIF REL,Softw. Test. Verif. Reliab.,0960-0833,,
11490,SPEECH COMMUNICATION,SPEECH COMMUN,Speech Commun.,0167-6393,,
11491,STATISTICAL ANALYSIS AND DATA MINING,STAT ANAL DATA MIN,Stat. Anal. Data Min.,1932-1864,,10.1002/sam.11171
11492,STATISTICS AND COMPUTING,STAT COMPUT,Stat. Comput.,0960-3174,,
11493,SUSTAINABLE COMPUTING-INFORMATICS & SYSTEMS,SUSTAIN COMPUT-INFOR,Sust. Comput.,2210-5379,,10.1016/j.suscom.2011.06.004
11494,SWARM AND EVOLUTIONARY COMPUTATION,SWARM EVOL COMPUT,Swarm Evol. Comput.,2210-6502,,10.1016/j.swevo.2011.02.002
11495,Swarm and Evolutionary Computation,SWARM EVOL COMPUT,Swarm Evol. Comput.,2210-6502,,10.1016/j.swevo.2016.08.002
11496,SWARM INTELLIGENCE,SWARM INTELL-US,Swarm Intell.,1935-3812,,10.1007/s11721-010-0040-x
11497,TELECOMMUNICATION SYSTEMS,TELECOMMUN SYST,Telecommun. Syst.,1018-4864,,
11498,THEORETICAL BIOLOGY AND MEDICAL MODELLING,THEOR BIOL MED MODEL,Theor. Biol. Med. Model.,1742-4682,,10.1186/1742-4682-2-23
11499,THEORETICAL COMPUTER SCIENCE,THEOR COMPUT SCI,Theor. Comput. Sci.,0304-3975,,
11500,THEORY AND PRACTICE OF LOGIC PROGRAMMING,THEOR PRACT LOG PROG,Theory Pract. Log. Program.,1471-0684,,10.1017/S1471068401001168
11501,THEORY OF COMPUTING SYSTEMS,THEOR COMPUT SYST,Theor. Comput. Syst.,1432-4350,,
11502,THEORY OF COMPUTING,THEOR COMPUT,Theory Comput.,1557-2862,,10.4086/toc.2016.v012a003
11503,TRANSACTIONS ON EMERGING TELECOMMUNICATIONS TECHNOLOGIES,T EMERG TELECOMMUN T,Trans. Emerg. Telecommun. Technol.,2161-3915,,10.1002/ett.2558
11504,TSINGHUA SCIENCE AND TECHNOLOGY,TSINGHUA SCI TECHNOL,Tsinghua Sci. Technol.,1007-0214,,
11505,UNIVERSAL ACCESS IN THE INFORMATION SOCIETY,UNIVERSAL ACCESS INF,Univers. Access Inf. Soc.,1615-5289,,10.1007/s10209-008-0127-y
11506,USER MODELING AND USER-ADAPTED INTERACTION,USER MODEL USER-ADAP,User Model. User-Adapt. Interact.,0924-1868,,
11507,VEHICULAR COMMUNICATIONS,VEH COMMUN,Veh. Commun.,2214-2096,,10.1016/j.vehcom.2014.05.001
11508,VIRTUAL REALITY,VIRTUAL REAL-LONDON,Virtual Real.,1359-4338,,10.1007/s10055-009-0112-7
11509,VISUAL COMPUTER,VISUAL COMPUT,Visual Comput.,0178-2789,,
11510,VLDB JOURNAL,VLDB J,VLDB J.,1066-8888,,
11511,WILEY INTERDISCIPLINARY REVIEWS-DATA MINING AND KNOWLEDGE DISCOVERY,WIRES DATA MIN KNOWL,Wiley Interdiscip. Rev.-Data Mining Knowl. Discov.,1942-4787,,10.1002/widm.8
11512,WIRELESS COMMUNICATIONS & MOBILE COMPUTING,WIREL COMMUN MOB COM,Wirel. Commun. Mob. Comput.,1530-8669,,10.1002/wcm.72
11513,WIRELESS NETWORKS,WIREL NETW,Wirel. Netw.,1022-0038,,
11514,WIRELESS PERSONAL COMMUNICATIONS,WIRELESS PERS COMMUN,Wirel. Pers. Commun.,0929-6212,,
11515,WORLD WIDE WEB-INTERNET AND WEB INFORMATION SYSTEMS,WORLD WIDE WEB,World Wide Web,1386-145X,,
